Mean squared error,Mean absolute error
0.37208838905716085,0.4493004063765208
